User ID,User Name
Nicolas,nicolas.rinaudo
snake.scaly,snake.scaly
stib,stib
kowy,kowy
andraaspar,andraaspar
kerecsen,kerecsen
mariusj,mariusz.jakubowski
hamoid,hamoid
maxence,maxence.bernard
Leo,Leo Welsch
Leo Welsch,Leo Welsch
marius,mariusz.jakubowski
nicolas,nicolas.rinaudo
arik,arik.hadas
jamesie,jamesie
klayman,klayman
mychong6002,mychong6002
Joshua Lebo,Joshua Lebo
georg,George Varga
marki,marki
Tenzer,Tenzer
kueller,kueller
jmdacruz,jmdacruz
daf,daf
mariusz,mariusz.jakubowski
joloxo,joloxo
leo_08_15,leo_08_15
arik851,arik.hadas
masyura.sergey,Sergey Masyura
sclebo05,sclebo05
post06,post06
alejandroscandroli,alejandroscandroli
mailme.gx,mailme.gx
johann,Johann Schmitz
davydm,davydm
Johann,Johann Schmitz
xmirog,xmirog
spam2,spam2
Johann Schmitz,Johann Schmitz
FrankBerger,Frank Berger
kosio,kosio
kent.cphsu,Kent Hsu
jmurphy,jmurphy
Jakob,Jakob Ekstrom
ChArLoK_16,ChArLoK_16
yeti,yeti
Jarda,Jarda
hritcu,Catalin Hritcu
pieter,Pieter Kristensen
frank,Frank Berger
GeorgeV,GeorgeV
chimarrao,chimarrao